{
  "depression": 0.49999999999999994,
  "anxiety": 0.7,
  "suicidal": 0.5499999999999999
}